{"frames":{"Hunter NPC0.png":{"frame":{"x":0,"y":0,"w":27,"h":38},"rotated":false,"trimmed":false,"spriteSourceSize":{"x":0,"y":0,"w":27,"h":38},"sourceSize":{"w":27,"h":38}},"Hunter NPC1.png":{"frame":{"x":27,"y":0,"w":27,"h":38},"rotated":false,"trimmed":false,"spriteSourceSize":{"x":0,"y":0,"w":27,"h":38},"sourceSize":{"w":27,"h":38}},"Hunter NPC2.png":{"frame":{"x":0,"y":38,"w":27,"h":38},"rotated":false,"trimmed":false,"spriteSourceSize":{"x":0,"y":0,"w":27,"h":38},"sourceSize":{"w":27,"h":38}},"Hunter NPC3.png":{"frame":{"x":27,"y":38,"w":27,"h":38},"rotated":false,"trimmed":false,"spriteSourceSize":{"x":0,"y":0,"w":27,"h":38},"sourceSize":{"w":27,"h":38}}},"meta":{"app":"https://github.com/piskelapp/piskel/","version":"1.0","image":"Hunter NPC.png","format":"RGBA8888","size":{"w":54,"h":76}}}