{"frames":{"Barbarian Quest boi0.png":{"frame":{"x":0,"y":0,"w":25,"h":38},"rotated":false,"trimmed":false,"spriteSourceSize":{"x":0,"y":0,"w":25,"h":38},"sourceSize":{"w":25,"h":38}},"Barbarian Quest boi1.png":{"frame":{"x":25,"y":0,"w":25,"h":38},"rotated":false,"trimmed":false,"spriteSourceSize":{"x":0,"y":0,"w":25,"h":38},"sourceSize":{"w":25,"h":38}},"Barbarian Quest boi2.png":{"frame":{"x":50,"y":0,"w":25,"h":38},"rotated":false,"trimmed":false,"spriteSourceSize":{"x":0,"y":0,"w":25,"h":38},"sourceSize":{"w":25,"h":38}},"Barbarian Quest boi3.png":{"frame":{"x":75,"y":0,"w":25,"h":38},"rotated":false,"trimmed":false,"spriteSourceSize":{"x":0,"y":0,"w":25,"h":38},"sourceSize":{"w":25,"h":38}},"Barbarian Quest boi4.png":{"frame":{"x":100,"y":0,"w":25,"h":38},"rotated":false,"trimmed":false,"spriteSourceSize":{"x":0,"y":0,"w":25,"h":38},"sourceSize":{"w":25,"h":38}},"Barbarian Quest boi5.png":{"frame":{"x":125,"y":0,"w":25,"h":38},"rotated":false,"trimmed":false,"spriteSourceSize":{"x":0,"y":0,"w":25,"h":38},"sourceSize":{"w":25,"h":38}},"Barbarian Quest boi6.png":{"frame":{"x":150,"y":0,"w":25,"h":38},"rotated":false,"trimmed":false,"spriteSourceSize":{"x":0,"y":0,"w":25,"h":38},"sourceSize":{"w":25,"h":38}},"Barbarian Quest boi7.png":{"frame":{"x":175,"y":0,"w":25,"h":38},"rotated":false,"trimmed":false,"spriteSourceSize":{"x":0,"y":0,"w":25,"h":38},"sourceSize":{"w":25,"h":38}},"Barbarian Quest boi8.png":{"frame":{"x":200,"y":0,"w":25,"h":38},"rotated":false,"trimmed":false,"spriteSourceSize":{"x":0,"y":0,"w":25,"h":38},"sourceSize":{"w":25,"h":38}},"Barbarian Quest boi9.png":{"frame":{"x":225,"y":0,"w":25,"h":38},"rotated":false,"trimmed":false,"spriteSourceSize":{"x":0,"y":0,"w":25,"h":38},"sourceSize":{"w":25,"h":38}},"Barbarian Quest boi10.png":{"frame":{"x":250,"y":0,"w":25,"h":38},"rotated":false,"trimmed":false,"spriteSourceSize":{"x":0,"y":0,"w":25,"h":38},"sourceSize":{"w":25,"h":38}},"Barbarian Quest boi11.png":{"frame":{"x":0,"y":38,"w":25,"h":38},"rotated":false,"trimmed":false,"spriteSourceSize":{"x":0,"y":0,"w":25,"h":38},"sourceSize":{"w":25,"h":38}},"Barbarian Quest boi12.png":{"frame":{"x":25,"y":38,"w":25,"h":38},"rotated":false,"trimmed":false,"spriteSourceSize":{"x":0,"y":0,"w":25,"h":38},"sourceSize":{"w":25,"h":38}},"Barbarian Quest boi13.png":{"frame":{"x":50,"y":38,"w":25,"h":38},"rotated":false,"trimmed":false,"spriteSourceSize":{"x":0,"y":0,"w":25,"h":38},"sourceSize":{"w":25,"h":38}},"Barbarian Quest boi14.png":{"frame":{"x":75,"y":38,"w":25,"h":38},"rotated":false,"trimmed":false,"spriteSourceSize":{"x":0,"y":0,"w":25,"h":38},"sourceSize":{"w":25,"h":38}},"Barbarian Quest boi15.png":{"frame":{"x":100,"y":38,"w":25,"h":38},"rotated":false,"trimmed":false,"spriteSourceSize":{"x":0,"y":0,"w":25,"h":38},"sourceSize":{"w":25,"h":38}},"Barbarian Quest boi16.png":{"frame":{"x":125,"y":38,"w":25,"h":38},"rotated":false,"trimmed":false,"spriteSourceSize":{"x":0,"y":0,"w":25,"h":38},"sourceSize":{"w":25,"h":38}},"Barbarian Quest boi17.png":{"frame":{"x":150,"y":38,"w":25,"h":38},"rotated":false,"trimmed":false,"spriteSourceSize":{"x":0,"y":0,"w":25,"h":38},"sourceSize":{"w":25,"h":38}},"Barbarian Quest boi18.png":{"frame":{"x":175,"y":38,"w":25,"h":38},"rotated":false,"trimmed":false,"spriteSourceSize":{"x":0,"y":0,"w":25,"h":38},"sourceSize":{"w":25,"h":38}},"Barbarian Quest boi19.png":{"frame":{"x":200,"y":38,"w":25,"h":38},"rotated":false,"trimmed":false,"spriteSourceSize":{"x":0,"y":0,"w":25,"h":38},"sourceSize":{"w":25,"h":38}},"Barbarian Quest boi20.png":{"frame":{"x":225,"y":38,"w":25,"h":38},"rotated":false,"trimmed":false,"spriteSourceSize":{"x":0,"y":0,"w":25,"h":38},"sourceSize":{"w":25,"h":38}},"Barbarian Quest boi21.png":{"frame":{"x":250,"y":38,"w":25,"h":38},"rotated":false,"trimmed":false,"spriteSourceSize":{"x":0,"y":0,"w":25,"h":38},"sourceSize":{"w":25,"h":38}},"Barbarian Quest boi22.png":{"frame":{"x":0,"y":76,"w":25,"h":38},"rotated":false,"trimmed":false,"spriteSourceSize":{"x":0,"y":0,"w":25,"h":38},"sourceSize":{"w":25,"h":38}},"Barbarian Quest boi23.png":{"frame":{"x":25,"y":76,"w":25,"h":38},"rotated":false,"trimmed":false,"spriteSourceSize":{"x":0,"y":0,"w":25,"h":38},"sourceSize":{"w":25,"h":38}},"Barbarian Quest boi24.png":{"frame":{"x":50,"y":76,"w":25,"h":38},"rotated":false,"trimmed":false,"spriteSourceSize":{"x":0,"y":0,"w":25,"h":38},"sourceSize":{"w":25,"h":38}},"Barbarian Quest boi25.png":{"frame":{"x":75,"y":76,"w":25,"h":38},"rotated":false,"trimmed":false,"spriteSourceSize":{"x":0,"y":0,"w":25,"h":38},"sourceSize":{"w":25,"h":38}},"Barbarian Quest boi26.png":{"frame":{"x":100,"y":76,"w":25,"h":38},"rotated":false,"trimmed":false,"spriteSourceSize":{"x":0,"y":0,"w":25,"h":38},"sourceSize":{"w":25,"h":38}},"Barbarian Quest boi27.png":{"frame":{"x":125,"y":76,"w":25,"h":38},"rotated":false,"trimmed":false,"spriteSourceSize":{"x":0,"y":0,"w":25,"h":38},"sourceSize":{"w":25,"h":38}},"Barbarian Quest boi28.png":{"frame":{"x":150,"y":76,"w":25,"h":38},"rotated":false,"trimmed":false,"spriteSourceSize":{"x":0,"y":0,"w":25,"h":38},"sourceSize":{"w":25,"h":38}},"Barbarian Quest boi29.png":{"frame":{"x":175,"y":76,"w":25,"h":38},"rotated":false,"trimmed":false,"spriteSourceSize":{"x":0,"y":0,"w":25,"h":38},"sourceSize":{"w":25,"h":38}},"Barbarian Quest boi30.png":{"frame":{"x":200,"y":76,"w":25,"h":38},"rotated":false,"trimmed":false,"spriteSourceSize":{"x":0,"y":0,"w":25,"h":38},"sourceSize":{"w":25,"h":38}},"Barbarian Quest boi31.png":{"frame":{"x":225,"y":76,"w":25,"h":38},"rotated":false,"trimmed":false,"spriteSourceSize":{"x":0,"y":0,"w":25,"h":38},"sourceSize":{"w":25,"h":38}},"Barbarian Quest boi32.png":{"frame":{"x":250,"y":76,"w":25,"h":38},"rotated":false,"trimmed":false,"spriteSourceSize":{"x":0,"y":0,"w":25,"h":38},"sourceSize":{"w":25,"h":38}},"Barbarian Quest boi33.png":{"frame":{"x":0,"y":114,"w":25,"h":38},"rotated":false,"trimmed":false,"spriteSourceSize":{"x":0,"y":0,"w":25,"h":38},"sourceSize":{"w":25,"h":38}},"Barbarian Quest boi34.png":{"frame":{"x":25,"y":114,"w":25,"h":38},"rotated":false,"trimmed":false,"spriteSourceSize":{"x":0,"y":0,"w":25,"h":38},"sourceSize":{"w":25,"h":38}},"Barbarian Quest boi35.png":{"frame":{"x":50,"y":114,"w":25,"h":38},"rotated":false,"trimmed":false,"spriteSourceSize":{"x":0,"y":0,"w":25,"h":38},"sourceSize":{"w":25,"h":38}},"Barbarian Quest boi36.png":{"frame":{"x":75,"y":114,"w":25,"h":38},"rotated":false,"trimmed":false,"spriteSourceSize":{"x":0,"y":0,"w":25,"h":38},"sourceSize":{"w":25,"h":38}},"Barbarian Quest boi37.png":{"frame":{"x":100,"y":114,"w":25,"h":38},"rotated":false,"trimmed":false,"spriteSourceSize":{"x":0,"y":0,"w":25,"h":38},"sourceSize":{"w":25,"h":38}},"Barbarian Quest boi38.png":{"frame":{"x":125,"y":114,"w":25,"h":38},"rotated":false,"trimmed":false,"spriteSourceSize":{"x":0,"y":0,"w":25,"h":38},"sourceSize":{"w":25,"h":38}},"Barbarian Quest boi39.png":{"frame":{"x":150,"y":114,"w":25,"h":38},"rotated":false,"trimmed":false,"spriteSourceSize":{"x":0,"y":0,"w":25,"h":38},"sourceSize":{"w":25,"h":38}},"Barbarian Quest boi40.png":{"frame":{"x":175,"y":114,"w":25,"h":38},"rotated":false,"trimmed":false,"spriteSourceSize":{"x":0,"y":0,"w":25,"h":38},"sourceSize":{"w":25,"h":38}},"Barbarian Quest boi41.png":{"frame":{"x":200,"y":114,"w":25,"h":38},"rotated":false,"trimmed":false,"spriteSourceSize":{"x":0,"y":0,"w":25,"h":38},"sourceSize":{"w":25,"h":38}},"Barbarian Quest boi42.png":{"frame":{"x":225,"y":114,"w":25,"h":38},"rotated":false,"trimmed":false,"spriteSourceSize":{"x":0,"y":0,"w":25,"h":38},"sourceSize":{"w":25,"h":38}},"Barbarian Quest boi43.png":{"frame":{"x":250,"y":114,"w":25,"h":38},"rotated":false,"trimmed":false,"spriteSourceSize":{"x":0,"y":0,"w":25,"h":38},"sourceSize":{"w":25,"h":38}},"Barbarian Quest boi44.png":{"frame":{"x":0,"y":152,"w":25,"h":38},"rotated":false,"trimmed":false,"spriteSourceSize":{"x":0,"y":0,"w":25,"h":38},"sourceSize":{"w":25,"h":38}},"Barbarian Quest boi45.png":{"frame":{"x":25,"y":152,"w":25,"h":38},"rotated":false,"trimmed":false,"spriteSourceSize":{"x":0,"y":0,"w":25,"h":38},"sourceSize":{"w":25,"h":38}},"Barbarian Quest boi46.png":{"frame":{"x":50,"y":152,"w":25,"h":38},"rotated":false,"trimmed":false,"spriteSourceSize":{"x":0,"y":0,"w":25,"h":38},"sourceSize":{"w":25,"h":38}},"Barbarian Quest boi47.png":{"frame":{"x":75,"y":152,"w":25,"h":38},"rotated":false,"trimmed":false,"spriteSourceSize":{"x":0,"y":0,"w":25,"h":38},"sourceSize":{"w":25,"h":38}},"Barbarian Quest boi48.png":{"frame":{"x":100,"y":152,"w":25,"h":38},"rotated":false,"trimmed":false,"spriteSourceSize":{"x":0,"y":0,"w":25,"h":38},"sourceSize":{"w":25,"h":38}},"Barbarian Quest boi49.png":{"frame":{"x":125,"y":152,"w":25,"h":38},"rotated":false,"trimmed":false,"spriteSourceSize":{"x":0,"y":0,"w":25,"h":38},"sourceSize":{"w":25,"h":38}},"Barbarian Quest boi50.png":{"frame":{"x":150,"y":152,"w":25,"h":38},"rotated":false,"trimmed":false,"spriteSourceSize":{"x":0,"y":0,"w":25,"h":38},"sourceSize":{"w":25,"h":38}},"Barbarian Quest boi51.png":{"frame":{"x":175,"y":152,"w":25,"h":38},"rotated":false,"trimmed":false,"spriteSourceSize":{"x":0,"y":0,"w":25,"h":38},"sourceSize":{"w":25,"h":38}},"Barbarian Quest boi52.png":{"frame":{"x":200,"y":152,"w":25,"h":38},"rotated":false,"trimmed":false,"spriteSourceSize":{"x":0,"y":0,"w":25,"h":38},"sourceSize":{"w":25,"h":38}},"Barbarian Quest boi53.png":{"frame":{"x":225,"y":152,"w":25,"h":38},"rotated":false,"trimmed":false,"spriteSourceSize":{"x":0,"y":0,"w":25,"h":38},"sourceSize":{"w":25,"h":38}},"Barbarian Quest boi54.png":{"frame":{"x":250,"y":152,"w":25,"h":38},"rotated":false,"trimmed":false,"spriteSourceSize":{"x":0,"y":0,"w":25,"h":38},"sourceSize":{"w":25,"h":38}},"Barbarian Quest boi55.png":{"frame":{"x":0,"y":190,"w":25,"h":38},"rotated":false,"trimmed":false,"spriteSourceSize":{"x":0,"y":0,"w":25,"h":38},"sourceSize":{"w":25,"h":38}},"Barbarian Quest boi56.png":{"frame":{"x":25,"y":190,"w":25,"h":38},"rotated":false,"trimmed":false,"spriteSourceSize":{"x":0,"y":0,"w":25,"h":38},"sourceSize":{"w":25,"h":38}},"Barbarian Quest boi57.png":{"frame":{"x":50,"y":190,"w":25,"h":38},"rotated":false,"trimmed":false,"spriteSourceSize":{"x":0,"y":0,"w":25,"h":38},"sourceSize":{"w":25,"h":38}},"Barbarian Quest boi58.png":{"frame":{"x":75,"y":190,"w":25,"h":38},"rotated":false,"trimmed":false,"spriteSourceSize":{"x":0,"y":0,"w":25,"h":38},"sourceSize":{"w":25,"h":38}},"Barbarian Quest boi59.png":{"frame":{"x":100,"y":190,"w":25,"h":38},"rotated":false,"trimmed":false,"spriteSourceSize":{"x":0,"y":0,"w":25,"h":38},"sourceSize":{"w":25,"h":38}},"Barbarian Quest boi60.png":{"frame":{"x":125,"y":190,"w":25,"h":38},"rotated":false,"trimmed":false,"spriteSourceSize":{"x":0,"y":0,"w":25,"h":38},"sourceSize":{"w":25,"h":38}},"Barbarian Quest boi61.png":{"frame":{"x":150,"y":190,"w":25,"h":38},"rotated":false,"trimmed":false,"spriteSourceSize":{"x":0,"y":0,"w":25,"h":38},"sourceSize":{"w":25,"h":38}},"Barbarian Quest boi62.png":{"frame":{"x":175,"y":190,"w":25,"h":38},"rotated":false,"trimmed":false,"spriteSourceSize":{"x":0,"y":0,"w":25,"h":38},"sourceSize":{"w":25,"h":38}},"Barbarian Quest boi63.png":{"frame":{"x":200,"y":190,"w":25,"h":38},"rotated":false,"trimmed":false,"spriteSourceSize":{"x":0,"y":0,"w":25,"h":38},"sourceSize":{"w":25,"h":38}},"Barbarian Quest boi64.png":{"frame":{"x":225,"y":190,"w":25,"h":38},"rotated":false,"trimmed":false,"spriteSourceSize":{"x":0,"y":0,"w":25,"h":38},"sourceSize":{"w":25,"h":38}},"Barbarian Quest boi65.png":{"frame":{"x":250,"y":190,"w":25,"h":38},"rotated":false,"trimmed":false,"spriteSourceSize":{"x":0,"y":0,"w":25,"h":38},"sourceSize":{"w":25,"h":38}},"Barbarian Quest boi66.png":{"frame":{"x":0,"y":228,"w":25,"h":38},"rotated":false,"trimmed":false,"spriteSourceSize":{"x":0,"y":0,"w":25,"h":38},"sourceSize":{"w":25,"h":38}},"Barbarian Quest boi67.png":{"frame":{"x":25,"y":228,"w":25,"h":38},"rotated":false,"trimmed":false,"spriteSourceSize":{"x":0,"y":0,"w":25,"h":38},"sourceSize":{"w":25,"h":38}},"Barbarian Quest boi68.png":{"frame":{"x":50,"y":228,"w":25,"h":38},"rotated":false,"trimmed":false,"spriteSourceSize":{"x":0,"y":0,"w":25,"h":38},"sourceSize":{"w":25,"h":38}},"Barbarian Quest boi69.png":{"frame":{"x":75,"y":228,"w":25,"h":38},"rotated":false,"trimmed":false,"spriteSourceSize":{"x":0,"y":0,"w":25,"h":38},"sourceSize":{"w":25,"h":38}},"Barbarian Quest boi70.png":{"frame":{"x":100,"y":228,"w":25,"h":38},"rotated":false,"trimmed":false,"spriteSourceSize":{"x":0,"y":0,"w":25,"h":38},"sourceSize":{"w":25,"h":38}},"Barbarian Quest boi71.png":{"frame":{"x":125,"y":228,"w":25,"h":38},"rotated":false,"trimmed":false,"spriteSourceSize":{"x":0,"y":0,"w":25,"h":38},"sourceSize":{"w":25,"h":38}},"Barbarian Quest boi72.png":{"frame":{"x":150,"y":228,"w":25,"h":38},"rotated":false,"trimmed":false,"spriteSourceSize":{"x":0,"y":0,"w":25,"h":38},"sourceSize":{"w":25,"h":38}},"Barbarian Quest boi73.png":{"frame":{"x":175,"y":228,"w":25,"h":38},"rotated":false,"trimmed":false,"spriteSourceSize":{"x":0,"y":0,"w":25,"h":38},"sourceSize":{"w":25,"h":38}},"Barbarian Quest boi74.png":{"frame":{"x":200,"y":228,"w":25,"h":38},"rotated":false,"trimmed":false,"spriteSourceSize":{"x":0,"y":0,"w":25,"h":38},"sourceSize":{"w":25,"h":38}},"Barbarian Quest boi75.png":{"frame":{"x":225,"y":228,"w":25,"h":38},"rotated":false,"trimmed":false,"spriteSourceSize":{"x":0,"y":0,"w":25,"h":38},"sourceSize":{"w":25,"h":38}},"Barbarian Quest boi76.png":{"frame":{"x":250,"y":228,"w":25,"h":38},"rotated":false,"trimmed":false,"spriteSourceSize":{"x":0,"y":0,"w":25,"h":38},"sourceSize":{"w":25,"h":38}},"Barbarian Quest boi77.png":{"frame":{"x":0,"y":266,"w":25,"h":38},"rotated":false,"trimmed":false,"spriteSourceSize":{"x":0,"y":0,"w":25,"h":38},"sourceSize":{"w":25,"h":38}},"Barbarian Quest boi78.png":{"frame":{"x":25,"y":266,"w":25,"h":38},"rotated":false,"trimmed":false,"spriteSourceSize":{"x":0,"y":0,"w":25,"h":38},"sourceSize":{"w":25,"h":38}},"Barbarian Quest boi79.png":{"frame":{"x":50,"y":266,"w":25,"h":38},"rotated":false,"trimmed":false,"spriteSourceSize":{"x":0,"y":0,"w":25,"h":38},"sourceSize":{"w":25,"h":38}},"Barbarian Quest boi80.png":{"frame":{"x":75,"y":266,"w":25,"h":38},"rotated":false,"trimmed":false,"spriteSourceSize":{"x":0,"y":0,"w":25,"h":38},"sourceSize":{"w":25,"h":38}},"Barbarian Quest boi81.png":{"frame":{"x":100,"y":266,"w":25,"h":38},"rotated":false,"trimmed":false,"spriteSourceSize":{"x":0,"y":0,"w":25,"h":38},"sourceSize":{"w":25,"h":38}},"Barbarian Quest boi82.png":{"frame":{"x":125,"y":266,"w":25,"h":38},"rotated":false,"trimmed":false,"spriteSourceSize":{"x":0,"y":0,"w":25,"h":38},"sourceSize":{"w":25,"h":38}}},"meta":{"app":"https://github.com/piskelapp/piskel/","version":"1.0","image":"Barbarian Quest boi.png","format":"RGBA8888","size":{"w":275,"h":304}}}