{"frames":{"Fire0.png":{"frame":{"x":0,"y":0,"w":64,"h":64},"rotated":false,"trimmed":false,"spriteSourceSize":{"x":0,"y":0,"w":64,"h":64},"sourceSize":{"w":64,"h":64}},"Fire1.png":{"frame":{"x":64,"y":0,"w":64,"h":64},"rotated":false,"trimmed":false,"spriteSourceSize":{"x":0,"y":0,"w":64,"h":64},"sourceSize":{"w":64,"h":64}},"Fire2.png":{"frame":{"x":128,"y":0,"w":64,"h":64},"rotated":false,"trimmed":false,"spriteSourceSize":{"x":0,"y":0,"w":64,"h":64},"sourceSize":{"w":64,"h":64}},"Fire3.png":{"frame":{"x":0,"y":64,"w":64,"h":64},"rotated":false,"trimmed":false,"spriteSourceSize":{"x":0,"y":0,"w":64,"h":64},"sourceSize":{"w":64,"h":64}},"Fire4.png":{"frame":{"x":64,"y":64,"w":64,"h":64},"rotated":false,"trimmed":false,"spriteSourceSize":{"x":0,"y":0,"w":64,"h":64},"sourceSize":{"w":64,"h":64}},"Fire5.png":{"frame":{"x":128,"y":64,"w":64,"h":64},"rotated":false,"trimmed":false,"spriteSourceSize":{"x":0,"y":0,"w":64,"h":64},"sourceSize":{"w":64,"h":64}},"Fire6.png":{"frame":{"x":0,"y":128,"w":64,"h":64},"rotated":false,"trimmed":false,"spriteSourceSize":{"x":0,"y":0,"w":64,"h":64},"sourceSize":{"w":64,"h":64}}},"meta":{"app":"https://github.com/piskelapp/piskel/","version":"1.0","image":"Fire.png","format":"RGBA8888","size":{"w":192,"h":192}}}